<?xml version="1.0" encoding="UTF-8"?>
<!DOCTYPE mapper PUBLIC "-//mybatis.org//DTD Mapper 3.0//EN" "http://mybatis.org/dtd/mybatis-3-mapper.dtd">
<mapper namespace="com.sw.dao.AddressMapper">
	<resultMap id="BaseResultMap" type="com.sw.model.Address">
		<!-- WARNING - @mbg.generated This element is automatically generated by 
			MyBatis Generator, do not modify. This element was generated on Sun Sep 02 
			15:46:59 CST 2018. -->
		<id column="addressid" jdbcType="INTEGER" property="addressid" />
		<result column="userid" jdbcType="INTEGER" property="userid" />
		<result column="receivename" jdbcType="VARCHAR"
			property="receivename" />
		<result column="receivephone" jdbcType="VARCHAR"
			property="receivephone" />
		<result column="address" jdbcType="VARCHAR" property="address" />
	</resultMap>
	<sql id="Example_Where_Clause">
		<!-- WARNING - @mbg.generated This element is automatically generated by 
			MyBatis Generator, do not modify. This element was generated on Sun Sep 02 
			15:46:59 CST 2018. -->
		<where>
			<foreach collection="oredCriteria" item="criteria"
				separator="or">
				<if test="criteria.valid">
					<trim prefix="(" prefixOverrides="and" suffix=")">
						<foreach collection="criteria.criteria" item="criterion">
							<choose>
								<when test="criterion.noValue">
									and ${criterion.condition}
								</when>
								<when test="criterion.singleValue">
									and ${criterion.condition} #{criterion.value}
								</when>
								<when test="criterion.betweenValue">
									and ${criterion.condition} #{criterion.value} and
									#{criterion.secondValue}
								</when>
								<when test="criterion.listValue">
									and ${criterion.condition}
									<foreach close=")" collection="criterion.value"
										item="listItem" open="(" separator=",">
										#{listItem}
									</foreach>
								</when>
							</choose>
						</foreach>
					</trim>
				</if>
			</foreach>
		</where>
	</sql>
	<sql id="Update_By_Example_Where_Clause">
		<!-- WARNING - @mbg.generated This element is automatically generated by 
			MyBatis Generator, do not modify. This element was generated on Sun Sep 02 
			15:46:59 CST 2018. -->
		<where>
			<foreach collection="example.oredCriteria" item="criteria"
				separator="or">
				<if test="criteria.valid">
					<trim prefix="(" prefixOverrides="and" suffix=")">
						<foreach collection="criteria.criteria" item="criterion">
							<choose>
								<when test="criterion.noValue">
									and ${criterion.condition}
								</when>
								<when test="criterion.singleValue">
									and ${criterion.condition} #{criterion.value}
								</when>
								<when test="criterion.betweenValue">
									and ${criterion.condition} #{criterion.value} and
									#{criterion.secondValue}
								</when>
								<when test="criterion.listValue">
									and ${criterion.condition}
									<foreach close=")" collection="criterion.value"
										item="listItem" open="(" separator=",">
										#{listItem}
									</foreach>
								</when>
							</choose>
						</foreach>
					</trim>
				</if>
			</foreach>
		</where>
	</sql>
	<sql id="Base_Column_List">
		<!-- WARNING - @mbg.generated This element is automatically generated by 
			MyBatis Generator, do not modify. This element was generated on Sun Sep 02 
			15:46:59 CST 2018. -->
		addressid, userid, receivename, receivephone, address
	</sql>
	<select id="selectByExample"
		parameterType="com.sw.model.AddressExample" resultMap="BaseResultMap">
		<!-- WARNING - @mbg.generated This element is automatically generated by 
			MyBatis Generator, do not modify. This element was generated on Sun Sep 02 
			15:46:59 CST 2018. -->
		select
		<if test="distinct">
			distinct
		</if>
		<include refid="Base_Column_List" />
		from address
		<if test="_parameter != null">
			<include refid="Example_Where_Clause" />
		</if>
		<if test="orderByClause != null">
			order by ${orderByClause}
		</if>
	</select>
	<select id="selectByPrimaryKey"
		parameterType="java.lang.Integer" resultMap="BaseResultMap">
		<!-- WARNING - @mbg.generated This element is automatically generated by 
			MyBatis Generator, do not modify. This element was generated on Sun Sep 02 
			15:46:59 CST 2018. -->
		select
		<include refid="Base_Column_List" />
		from address
		where addressid = #{addressid,jdbcType=INTEGER}
	</select>
	<delete id="deleteByPrimaryKey"
		parameterType="java.lang.Integer">
		<!-- WARNING - @mbg.generated This element is automatically generated by 
			MyBatis Generator, do not modify. This element was generated on Sun Sep 02 
			15:46:59 CST 2018. -->
		delete from address
		where addressid = #{addressid,jdbcType=INTEGER}
	</delete>
	<delete id="deleteByExample"
		parameterType="com.sw.model.AddressExample">
		<!-- WARNING - @mbg.generated This element is automatically generated by 
			MyBatis Generator, do not modify. This element was generated on Sun Sep 02 
			15:46:59 CST 2018. -->
		delete from address
		<if test="_parameter != null">
			<include refid="Example_Where_Clause" />
		</if>
	</delete>
	<insert id="insert" parameterType="com.sw.model.Address">
		<!-- WARNING - @mbg.generated This element is automatically generated by 
			MyBatis Generator, do not modify. This element was generated on Sun Sep 02 
			15:46:59 CST 2018. -->
		insert into address (addressid, userid, receivename,
		receivephone, address)
		values (#{addressid,jdbcType=INTEGER}, #{userid,jdbcType=INTEGER},
		#{receivename,jdbcType=VARCHAR},
		#{receivephone,jdbcType=VARCHAR}, #{address,jdbcType=VARCHAR})
	</insert>
	<insert id="insertSelective"
		parameterType="com.sw.model.Address">
		<!-- WARNING - @mbg.generated This element is automatically generated by 
			MyBatis Generator, do not modify. This element was generated on Sun Sep 02 
			15:46:59 CST 2018. -->
		insert into address
		<trim prefix="(" suffix=")" suffixOverrides=",">
			<if test="addressid != null">
				addressid,
			</if>
			<if test="userid != null">
				userid,
			</if>
			<if test="receivename != null">
				receivename,
			</if>
			<if test="receivephone != null">
				receivephone,
			</if>
			<if test="address != null">
				address,
			</if>
		</trim>
		<trim prefix="values (" suffix=")" suffixOverrides=",">
			<if test="addressid != null">
				#{addressid,jdbcType=INTEGER},
			</if>
			<if test="userid != null">
				#{userid,jdbcType=INTEGER},
			</if>
			<if test="receivename != null">
				#{receivename,jdbcType=VARCHAR},
			</if>
			<if test="receivephone != null">
				#{receivephone,jdbcType=VARCHAR},
			</if>
			<if test="address != null">
				#{address,jdbcType=VARCHAR},
			</if>
		</trim>
	</insert>
	<select id="countByExample"
		parameterType="com.sw.model.AddressExample"
		resultType="java.lang.Long">
		<!-- WARNING - @mbg.generated This element is automatically generated by 
			MyBatis Generator, do not modify. This element was generated on Sun Sep 02 
			15:46:59 CST 2018. -->
		select count(*) from address
		<if test="_parameter != null">
			<include refid="Example_Where_Clause" />
		</if>
	</select>
	<update id="updateByExampleSelective" parameterType="map">
		<!-- WARNING - @mbg.generated This element is automatically generated by 
			MyBatis Generator, do not modify. This element was generated on Sun Sep 02 
			15:46:59 CST 2018. -->
		update address
		<set>
			<if test="record.addressid != null">
				addressid = #{record.addressid,jdbcType=INTEGER},
			</if>
			<if test="record.userid != null">
				userid = #{record.userid,jdbcType=INTEGER},
			</if>
			<if test="record.receivename != null">
				receivename = #{record.receivename,jdbcType=VARCHAR},
			</if>
			<if test="record.receivephone != null">
				receivephone = #{record.receivephone,jdbcType=VARCHAR},
			</if>
			<if test="record.address != null">
				address = #{record.address,jdbcType=VARCHAR},
			</if>
		</set>
		<if test="_parameter != null">
			<include refid="Update_By_Example_Where_Clause" />
		</if>
	</update>
	<update id="updateByExample" parameterType="map">
		<!-- WARNING - @mbg.generated This element is automatically generated by 
			MyBatis Generator, do not modify. This element was generated on Sun Sep 02 
			15:46:59 CST 2018. -->
		update address
		set addressid = #{record.addressid,jdbcType=INTEGER},
		userid = #{record.userid,jdbcType=INTEGER},
		receivename = #{record.receivename,jdbcType=VARCHAR},
		receivephone = #{record.receivephone,jdbcType=VARCHAR},
		address = #{record.address,jdbcType=VARCHAR}
		<if test="_parameter != null">
			<include refid="Update_By_Example_Where_Clause" />
		</if>
	</update>
	<update id="updateByPrimaryKeySelective"
		parameterType="com.sw.model.Address">
		<!-- WARNING - @mbg.generated This element is automatically generated by 
			MyBatis Generator, do not modify. This element was generated on Sun Sep 02 
			15:46:59 CST 2018. -->
		update address
		<set>
			<if test="userid != null">
				userid = #{userid,jdbcType=INTEGER},
			</if>
			<if test="receivename != null">
				receivename = #{receivename,jdbcType=VARCHAR},
			</if>
			<if test="receivephone != null">
				receivephone = #{receivephone,jdbcType=VARCHAR},
			</if>
			<if test="address != null">
				address = #{address,jdbcType=VARCHAR},
			</if>
		</set>
		where addressid = #{addressid,jdbcType=INTEGER}
	</update>
	<update id="updateByPrimaryKey"
		parameterType="com.sw.model.Address">
		<!-- WARNING - @mbg.generated This element is automatically generated by 
			MyBatis Generator, do not modify. This element was generated on Sun Sep 02 
			15:46:59 CST 2018. -->
		update address
		set userid = #{userid,jdbcType=INTEGER},
		receivename = #{receivename,jdbcType=VARCHAR},
		receivephone = #{receivephone,jdbcType=VARCHAR},
		address = #{address,jdbcType=VARCHAR}
		where addressid = #{addressid,jdbcType=INTEGER}
	</update>


	<!-- 我的sql语句 -->
	<!-- 查询所有的商品 -->
	<select id="addressALL" resultMap="BaseResultMap">
		select
		*
		from address
		order by addressid desc
	</select>
	<!-- 分页查询所有的商品 -->
	<select id="addressALLByPage" resultMap="BaseResultMap">
		select
		*
		from address
		order by addressid desc
		<choose>
			<when test="page.pageNow &lt;= 1 ">
				limit #{page.pageLimit};
			</when>
			<otherwise>
				limit #{page.mysqlLimitParam1} ,#{page.pageLimit};
			</otherwise>
		</choose>
	</select>
	<!-- 获取地址表中的最大id -->
	<select id="addressMaxId" resultType="java.lang.Integer">
		select 
		max(addressid) 
		from address
	</select>



</mapper>