<?xml version="1.0" encoding="UTF-8"?>
<!DOCTYPE mapper PUBLIC "-//mybatis.org//DTD Mapper 3.0//EN" "http://mybatis.org/dtd/mybatis-3-mapper.dtd">
<mapper namespace="com.sw.dao.GoodsordersMapper">
  <resultMap id="BaseResultMap" type="com.sw.model.Goodsorders">
    <!--
      WARNING - @mbg.generated
      This element is automatically generated by MyBatis Generator, do not modify.
      This element was generated on Sun Sep 02 15:46:59 CST 2018.
    -->
    <id column="orderid" jdbcType="INTEGER" property="orderid" />
    <result column="ordercode" jdbcType="VARCHAR" property="ordercode" />
    <result column="confirmdate" jdbcType="TIMESTAMP" property="confirmdate" />
    <result column="countprice" jdbcType="DECIMAL" property="countprice" />
    <result column="saleid" jdbcType="INTEGER" property="saleid" />
    <result column="addressid" jdbcType="INTEGER" property="addressid" />
    <result column="orderstate" jdbcType="VARCHAR" property="orderstate" />
  </resultMap>
  <sql id="Example_Where_Clause">
    <!--
      WARNING - @mbg.generated
      This element is automatically generated by MyBatis Generator, do not modify.
      This element was generated on Sun Sep 02 15:46:59 CST 2018.
    -->
    <where>
      <foreach collection="oredCriteria" item="criteria" separator="or">
        <if test="criteria.valid">
          <trim prefix="(" prefixOverrides="and" suffix=")">
            <foreach collection="criteria.criteria" item="criterion">
              <choose>
                <when test="criterion.noValue">
                  and ${criterion.condition}
                </when>
                <when test="criterion.singleValue">
                  and ${criterion.condition} #{criterion.value}
                </when>
                <when test="criterion.betweenValue">
                  and ${criterion.condition} #{criterion.value} and #{criterion.secondValue}
                </when>
                <when test="criterion.listValue">
                  and ${criterion.condition}
                  <foreach close=")" collection="criterion.value" item="listItem" open="(" separator=",">
                    #{listItem}
                  </foreach>
                </when>
              </choose>
            </foreach>
          </trim>
        </if>
      </foreach>
    </where>
  </sql>
  <sql id="Update_By_Example_Where_Clause">
    <!--
      WARNING - @mbg.generated
      This element is automatically generated by MyBatis Generator, do not modify.
      This element was generated on Sun Sep 02 15:46:59 CST 2018.
    -->
    <where>
      <foreach collection="example.oredCriteria" item="criteria" separator="or">
        <if test="criteria.valid">
          <trim prefix="(" prefixOverrides="and" suffix=")">
            <foreach collection="criteria.criteria" item="criterion">
              <choose>
                <when test="criterion.noValue">
                  and ${criterion.condition}
                </when>
                <when test="criterion.singleValue">
                  and ${criterion.condition} #{criterion.value}
                </when>
                <when test="criterion.betweenValue">
                  and ${criterion.condition} #{criterion.value} and #{criterion.secondValue}
                </when>
                <when test="criterion.listValue">
                  and ${criterion.condition}
                  <foreach close=")" collection="criterion.value" item="listItem" open="(" separator=",">
                    #{listItem}
                  </foreach>
                </when>
              </choose>
            </foreach>
          </trim>
        </if>
      </foreach>
    </where>
  </sql>
  <sql id="Base_Column_List">
    <!--
      WARNING - @mbg.generated
      This element is automatically generated by MyBatis Generator, do not modify.
      This element was generated on Sun Sep 02 15:46:59 CST 2018.
    -->
    orderid, ordercode, confirmdate, countprice, saleid, addressid, orderstate
  </sql>
  <select id="selectByExample" parameterType="com.sw.model.GoodsordersExample" resultMap="BaseResultMap">
    <!--
      WARNING - @mbg.generated
      This element is automatically generated by MyBatis Generator, do not modify.
      This element was generated on Sun Sep 02 15:46:59 CST 2018.
    -->
    select
    <if test="distinct">
      distinct
    </if>
    <include refid="Base_Column_List" />
    from goodsorders
    <if test="_parameter != null">
      <include refid="Example_Where_Clause" />
    </if>
    <if test="orderByClause != null">
      order by ${orderByClause}
    </if>
  </select>
  <select id="selectByPrimaryKey" parameterType="java.lang.Integer" resultMap="BaseResultMap">
    <!--
      WARNING - @mbg.generated
      This element is automatically generated by MyBatis Generator, do not modify.
      This element was generated on Sun Sep 02 15:46:59 CST 2018.
    -->
    select 
    <include refid="Base_Column_List" />
    from goodsorders
    where orderid = #{orderid,jdbcType=INTEGER}
  </select>
  <delete id="deleteByPrimaryKey" parameterType="java.lang.Integer">
    <!--
      WARNING - @mbg.generated
      This element is automatically generated by MyBatis Generator, do not modify.
      This element was generated on Sun Sep 02 15:46:59 CST 2018.
    -->
    delete from goodsorders
    where orderid = #{orderid,jdbcType=INTEGER}
  </delete>
  <delete id="deleteByExample" parameterType="com.sw.model.GoodsordersExample">
    <!--
      WARNING - @mbg.generated
      This element is automatically generated by MyBatis Generator, do not modify.
      This element was generated on Sun Sep 02 15:46:59 CST 2018.
    -->
    delete from goodsorders
    <if test="_parameter != null">
      <include refid="Example_Where_Clause" />
    </if>
  </delete>
  <insert id="insert" parameterType="com.sw.model.Goodsorders">
    <!--
      WARNING - @mbg.generated
      This element is automatically generated by MyBatis Generator, do not modify.
      This element was generated on Sun Sep 02 15:46:59 CST 2018.
    -->
    insert into goodsorders (orderid, ordercode, confirmdate, 
      countprice, saleid, addressid, 
      orderstate)
    values (#{orderid,jdbcType=INTEGER}, #{ordercode,jdbcType=VARCHAR}, #{confirmdate,jdbcType=TIMESTAMP}, 
      #{countprice,jdbcType=DECIMAL}, #{saleid,jdbcType=INTEGER}, #{addressid,jdbcType=INTEGER}, 
      #{orderstate,jdbcType=VARCHAR})
  </insert>
  <insert id="insertSelective" parameterType="com.sw.model.Goodsorders">
    <!--
      WARNING - @mbg.generated
      This element is automatically generated by MyBatis Generator, do not modify.
      This element was generated on Sun Sep 02 15:46:59 CST 2018.
    -->
    insert into goodsorders
    <trim prefix="(" suffix=")" suffixOverrides=",">
      <if test="orderid != null">
        orderid,
      </if>
      <if test="ordercode != null">
        ordercode,
      </if>
      <if test="confirmdate != null">
        confirmdate,
      </if>
      <if test="countprice != null">
        countprice,
      </if>
      <if test="saleid != null">
        saleid,
      </if>
      <if test="addressid != null">
        addressid,
      </if>
      <if test="orderstate != null">
        orderstate,
      </if>
    </trim>
    <trim prefix="values (" suffix=")" suffixOverrides=",">
      <if test="orderid != null">
        #{orderid,jdbcType=INTEGER},
      </if>
      <if test="ordercode != null">
        #{ordercode,jdbcType=VARCHAR},
      </if>
      <if test="confirmdate != null">
        #{confirmdate,jdbcType=TIMESTAMP},
      </if>
      <if test="countprice != null">
        #{countprice,jdbcType=DECIMAL},
      </if>
      <if test="saleid != null">
        #{saleid,jdbcType=INTEGER},
      </if>
      <if test="addressid != null">
        #{addressid,jdbcType=INTEGER},
      </if>
      <if test="orderstate != null">
        #{orderstate,jdbcType=VARCHAR},
      </if>
    </trim>
  </insert>
  <select id="countByExample" parameterType="com.sw.model.GoodsordersExample" resultType="java.lang.Long">
    <!--
      WARNING - @mbg.generated
      This element is automatically generated by MyBatis Generator, do not modify.
      This element was generated on Sun Sep 02 15:46:59 CST 2018.
    -->
    select count(*) from goodsorders
    <if test="_parameter != null">
      <include refid="Example_Where_Clause" />
    </if>
  </select>
  <update id="updateByExampleSelective" parameterType="map">
    <!--
      WARNING - @mbg.generated
      This element is automatically generated by MyBatis Generator, do not modify.
      This element was generated on Sun Sep 02 15:46:59 CST 2018.
    -->
    update goodsorders
    <set>
      <if test="record.orderid != null">
        orderid = #{record.orderid,jdbcType=INTEGER},
      </if>
      <if test="record.ordercode != null">
        ordercode = #{record.ordercode,jdbcType=VARCHAR},
      </if>
      <if test="record.confirmdate != null">
        confirmdate = #{record.confirmdate,jdbcType=TIMESTAMP},
      </if>
      <if test="record.countprice != null">
        countprice = #{record.countprice,jdbcType=DECIMAL},
      </if>
      <if test="record.saleid != null">
        saleid = #{record.saleid,jdbcType=INTEGER},
      </if>
      <if test="record.addressid != null">
        addressid = #{record.addressid,jdbcType=INTEGER},
      </if>
      <if test="record.orderstate != null">
        orderstate = #{record.orderstate,jdbcType=VARCHAR},
      </if>
    </set>
    <if test="_parameter != null">
      <include refid="Update_By_Example_Where_Clause" />
    </if>
  </update>
  <update id="updateByExample" parameterType="map">
    <!--
      WARNING - @mbg.generated
      This element is automatically generated by MyBatis Generator, do not modify.
      This element was generated on Sun Sep 02 15:46:59 CST 2018.
    -->
    update goodsorders
    set orderid = #{record.orderid,jdbcType=INTEGER},
      ordercode = #{record.ordercode,jdbcType=VARCHAR},
      confirmdate = #{record.confirmdate,jdbcType=TIMESTAMP},
      countprice = #{record.countprice,jdbcType=DECIMAL},
      saleid = #{record.saleid,jdbcType=INTEGER},
      addressid = #{record.addressid,jdbcType=INTEGER},
      orderstate = #{record.orderstate,jdbcType=VARCHAR}
    <if test="_parameter != null">
      <include refid="Update_By_Example_Where_Clause" />
    </if>
  </update>
  <update id="updateByPrimaryKeySelective" parameterType="com.sw.model.Goodsorders">
    <!--
      WARNING - @mbg.generated
      This element is automatically generated by MyBatis Generator, do not modify.
      This element was generated on Sun Sep 02 15:46:59 CST 2018.
    -->
    update goodsorders
    <set>
      <if test="ordercode != null">
        ordercode = #{ordercode,jdbcType=VARCHAR},
      </if>
      <if test="confirmdate != null">
        confirmdate = #{confirmdate,jdbcType=TIMESTAMP},
      </if>
      <if test="countprice != null">
        countprice = #{countprice,jdbcType=DECIMAL},
      </if>
      <if test="saleid != null">
        saleid = #{saleid,jdbcType=INTEGER},
      </if>
      <if test="addressid != null">
        addressid = #{addressid,jdbcType=INTEGER},
      </if>
      <if test="orderstate != null">
        orderstate = #{orderstate,jdbcType=VARCHAR},
      </if>
    </set>
    where orderid = #{orderid,jdbcType=INTEGER}
  </update>
  <update id="updateByPrimaryKey" parameterType="com.sw.model.Goodsorders">
    <!--
      WARNING - @mbg.generated
      This element is automatically generated by MyBatis Generator, do not modify.
      This element was generated on Sun Sep 02 15:46:59 CST 2018.
    -->
    update goodsorders
    set ordercode = #{ordercode,jdbcType=VARCHAR},
      confirmdate = #{confirmdate,jdbcType=TIMESTAMP},
      countprice = #{countprice,jdbcType=DECIMAL},
      saleid = #{saleid,jdbcType=INTEGER},
      addressid = #{addressid,jdbcType=INTEGER},
      orderstate = #{orderstate,jdbcType=VARCHAR}
    where orderid = #{orderid,jdbcType=INTEGER}
  </update>
  <!-- 我的sql语句 -->
  
  	<select id="getToDayMaxOrderCode" resultType="java.lang.String">
		select 
		max(ordercode) 
		from goodsorders
		where confirmdate >= #{date};
	</select>
  
  	<!-- 获取地址表中的最大id -->
	<select id="goodsordersMaxId" resultType="java.lang.Integer">
		select 
		max(goodsordersid) 
		from goodsorders
	</select>
  
  <!-- 分页查询所有的商品 -->
	<select id="goodsOrderALLByPage" resultMap="BaseResultMap">
		select
		*
		from goodsorders
		order by orderid desc
		<choose>
			<when test="page.pageNow &lt;= 1 ">
				limit #{page.pageLimit};
			</when>
			<otherwise>
				limit #{page.mysqlLimitParam1} ,#{page.pageLimit};
			</otherwise>
		</choose>
	</select>


	<select id="goodsOrderALLByDate" resultMap="BaseResultMap">
		select
		*
		from goodsorders
		where confirmdate &gt;= #{ startDate } AND
		confirmdate &lt;= #{ endDate }
		order by orderid desc
		;
		
	</select>

  
  
  
  
  
  
</mapper>