<?xml version="1.0" encoding="UTF-8"?>
<!DOCTYPE mapper PUBLIC "-//mybatis.org//DTD Mapper 3.0//EN" "http://mybatis.org/dtd/mybatis-3-mapper.dtd">
<mapper namespace="com.sw.dao.OrderdetailsMapper">
  <resultMap id="BaseResultMap" type="com.sw.model.Orderdetails">
    <!--
      WARNING - @mbg.generated
      This element is automatically generated by MyBatis Generator, do not modify.
      This element was generated on Sun Sep 02 15:46:59 CST 2018.
    -->
    <id column="orderdetailsid" jdbcType="INTEGER" property="orderdetailsid" />
    <result column="ordervode" jdbcType="VARCHAR" property="ordervode" />
    <result column="goodsid" jdbcType="INTEGER" property="goodsid" />
    <result column="number" jdbcType="INTEGER" property="number" />
  </resultMap>
  <sql id="Example_Where_Clause">
    <!--
      WARNING - @mbg.generated
      This element is automatically generated by MyBatis Generator, do not modify.
      This element was generated on Sun Sep 02 15:46:59 CST 2018.
    -->
    <where>
      <foreach collection="oredCriteria" item="criteria" separator="or">
        <if test="criteria.valid">
          <trim prefix="(" prefixOverrides="and" suffix=")">
            <foreach collection="criteria.criteria" item="criterion">
              <choose>
                <when test="criterion.noValue">
                  and ${criterion.condition}
                </when>
                <when test="criterion.singleValue">
                  and ${criterion.condition} #{criterion.value}
                </when>
                <when test="criterion.betweenValue">
                  and ${criterion.condition} #{criterion.value} and #{criterion.secondValue}
                </when>
                <when test="criterion.listValue">
                  and ${criterion.condition}
                  <foreach close=")" collection="criterion.value" item="listItem" open="(" separator=",">
                    #{listItem}
                  </foreach>
                </when>
              </choose>
            </foreach>
          </trim>
        </if>
      </foreach>
    </where>
  </sql>
  <sql id="Update_By_Example_Where_Clause">
    <!--
      WARNING - @mbg.generated
      This element is automatically generated by MyBatis Generator, do not modify.
      This element was generated on Sun Sep 02 15:46:59 CST 2018.
    -->
    <where>
      <foreach collection="example.oredCriteria" item="criteria" separator="or">
        <if test="criteria.valid">
          <trim prefix="(" prefixOverrides="and" suffix=")">
            <foreach collection="criteria.criteria" item="criterion">
              <choose>
                <when test="criterion.noValue">
                  and ${criterion.condition}
                </when>
                <when test="criterion.singleValue">
                  and ${criterion.condition} #{criterion.value}
                </when>
                <when test="criterion.betweenValue">
                  and ${criterion.condition} #{criterion.value} and #{criterion.secondValue}
                </when>
                <when test="criterion.listValue">
                  and ${criterion.condition}
                  <foreach close=")" collection="criterion.value" item="listItem" open="(" separator=",">
                    #{listItem}
                  </foreach>
                </when>
              </choose>
            </foreach>
          </trim>
        </if>
      </foreach>
    </where>
  </sql>
  <sql id="Base_Column_List">
    <!--
      WARNING - @mbg.generated
      This element is automatically generated by MyBatis Generator, do not modify.
      This element was generated on Sun Sep 02 15:46:59 CST 2018.
    -->
    orderdetailsid, ordervode, goodsid, number
  </sql>
  <select id="selectByExample" parameterType="com.sw.model.OrderdetailsExample" resultMap="BaseResultMap">
    <!--
      WARNING - @mbg.generated
      This element is automatically generated by MyBatis Generator, do not modify.
      This element was generated on Sun Sep 02 15:46:59 CST 2018.
    -->
    select
    <if test="distinct">
      distinct
    </if>
    <include refid="Base_Column_List" />
    from orderdetails
    <if test="_parameter != null">
      <include refid="Example_Where_Clause" />
    </if>
    <if test="orderByClause != null">
      order by ${orderByClause}
    </if>
  </select>
  <select id="selectByPrimaryKey" parameterType="java.lang.Integer" resultMap="BaseResultMap">
    <!--
      WARNING - @mbg.generated
      This element is automatically generated by MyBatis Generator, do not modify.
      This element was generated on Sun Sep 02 15:46:59 CST 2018.
    -->
    select 
    <include refid="Base_Column_List" />
    from orderdetails
    where orderdetailsid = #{orderdetailsid,jdbcType=INTEGER}
  </select>
  <delete id="deleteByPrimaryKey" parameterType="java.lang.Integer">
    <!--
      WARNING - @mbg.generated
      This element is automatically generated by MyBatis Generator, do not modify.
      This element was generated on Sun Sep 02 15:46:59 CST 2018.
    -->
    delete from orderdetails
    where orderdetailsid = #{orderdetailsid,jdbcType=INTEGER}
  </delete>
  <delete id="deleteByExample" parameterType="com.sw.model.OrderdetailsExample">
    <!--
      WARNING - @mbg.generated
      This element is automatically generated by MyBatis Generator, do not modify.
      This element was generated on Sun Sep 02 15:46:59 CST 2018.
    -->
    delete from orderdetails
    <if test="_parameter != null">
      <include refid="Example_Where_Clause" />
    </if>
  </delete>
  <insert id="insert" parameterType="com.sw.model.Orderdetails">
    <!--
      WARNING - @mbg.generated
      This element is automatically generated by MyBatis Generator, do not modify.
      This element was generated on Sun Sep 02 15:46:59 CST 2018.
    -->
    insert into orderdetails (orderdetailsid, ordervode, goodsid, 
      number)
    values (#{orderdetailsid,jdbcType=INTEGER}, #{ordervode,jdbcType=VARCHAR}, #{goodsid,jdbcType=INTEGER}, 
      #{number,jdbcType=INTEGER})
  </insert>
  <insert id="insertSelective" parameterType="com.sw.model.Orderdetails">
    <!--
      WARNING - @mbg.generated
      This element is automatically generated by MyBatis Generator, do not modify.
      This element was generated on Sun Sep 02 15:46:59 CST 2018.
    -->
    insert into orderdetails
    <trim prefix="(" suffix=")" suffixOverrides=",">
      <if test="orderdetailsid != null">
        orderdetailsid,
      </if>
      <if test="ordervode != null">
        ordervode,
      </if>
      <if test="goodsid != null">
        goodsid,
      </if>
      <if test="number != null">
        number,
      </if>
    </trim>
    <trim prefix="values (" suffix=")" suffixOverrides=",">
      <if test="orderdetailsid != null">
        #{orderdetailsid,jdbcType=INTEGER},
      </if>
      <if test="ordervode != null">
        #{ordervode,jdbcType=VARCHAR},
      </if>
      <if test="goodsid != null">
        #{goodsid,jdbcType=INTEGER},
      </if>
      <if test="number != null">
        #{number,jdbcType=INTEGER},
      </if>
    </trim>
  </insert>
  <select id="countByExample" parameterType="com.sw.model.OrderdetailsExample" resultType="java.lang.Long">
    <!--
      WARNING - @mbg.generated
      This element is automatically generated by MyBatis Generator, do not modify.
      This element was generated on Sun Sep 02 15:46:59 CST 2018.
    -->
    select count(*) from orderdetails
    <if test="_parameter != null">
      <include refid="Example_Where_Clause" />
    </if>
  </select>
  <update id="updateByExampleSelective" parameterType="map">
    <!--
      WARNING - @mbg.generated
      This element is automatically generated by MyBatis Generator, do not modify.
      This element was generated on Sun Sep 02 15:46:59 CST 2018.
    -->
    update orderdetails
    <set>
      <if test="record.orderdetailsid != null">
        orderdetailsid = #{record.orderdetailsid,jdbcType=INTEGER},
      </if>
      <if test="record.ordervode != null">
        ordervode = #{record.ordervode,jdbcType=VARCHAR},
      </if>
      <if test="record.goodsid != null">
        goodsid = #{record.goodsid,jdbcType=INTEGER},
      </if>
      <if test="record.number != null">
        number = #{record.number,jdbcType=INTEGER},
      </if>
    </set>
    <if test="_parameter != null">
      <include refid="Update_By_Example_Where_Clause" />
    </if>
  </update>
  <update id="updateByExample" parameterType="map">
    <!--
      WARNING - @mbg.generated
      This element is automatically generated by MyBatis Generator, do not modify.
      This element was generated on Sun Sep 02 15:46:59 CST 2018.
    -->
    update orderdetails
    set orderdetailsid = #{record.orderdetailsid,jdbcType=INTEGER},
      ordervode = #{record.ordervode,jdbcType=VARCHAR},
      goodsid = #{record.goodsid,jdbcType=INTEGER},
      number = #{record.number,jdbcType=INTEGER}
    <if test="_parameter != null">
      <include refid="Update_By_Example_Where_Clause" />
    </if>
  </update>
  <update id="updateByPrimaryKeySelective" parameterType="com.sw.model.Orderdetails">
    <!--
      WARNING - @mbg.generated
      This element is automatically generated by MyBatis Generator, do not modify.
      This element was generated on Sun Sep 02 15:46:59 CST 2018.
    -->
    update orderdetails
    <set>
      <if test="ordervode != null">
        ordervode = #{ordervode,jdbcType=VARCHAR},
      </if>
      <if test="goodsid != null">
        goodsid = #{goodsid,jdbcType=INTEGER},
      </if>
      <if test="number != null">
        number = #{number,jdbcType=INTEGER},
      </if>
    </set>
    where orderdetailsid = #{orderdetailsid,jdbcType=INTEGER}
  </update>
  <update id="updateByPrimaryKey" parameterType="com.sw.model.Orderdetails">
    <!--
      WARNING - @mbg.generated
      This element is automatically generated by MyBatis Generator, do not modify.
      This element was generated on Sun Sep 02 15:46:59 CST 2018.
    -->
    update orderdetails
    set ordervode = #{ordervode,jdbcType=VARCHAR},
      goodsid = #{goodsid,jdbcType=INTEGER},
      number = #{number,jdbcType=INTEGER}
    where orderdetailsid = #{orderdetailsid,jdbcType=INTEGER}
  </update>
  
  
    	<!-- 获取地址表中的最大id -->
	<select id="orderdetailsMaxId" resultType="java.lang.Integer">
		select 
		max(orderdetailsid) 
		from orderdetails
	</select>
  
  
  
  
  
  
  
  
  
  
</mapper>