<?xml version="1.0" encoding="UTF-8"?>
<!DOCTYPE mapper PUBLIC "-//mybatis.org//DTD Mapper 3.0//EN" "http://mybatis.org/dtd/mybatis-3-mapper.dtd">
<mapper namespace="com.sw.dao.SaleMapper">
  <resultMap id="BaseResultMap" type="com.sw.model.Sale">
    <!--
      WARNING - @mbg.generated
      This element is automatically generated by MyBatis Generator, do not modify.
      This element was generated on Sun Sep 02 15:46:59 CST 2018.
    -->
    <id column="saleid" jdbcType="INTEGER" property="saleid" />
    <result column="salename" jdbcType="VARCHAR" property="salename" />
    <result column="nickname" jdbcType="VARCHAR" property="nickname" />
    <result column="salepassword" jdbcType="VARCHAR" property="salepassword" />
  </resultMap>
  <sql id="Example_Where_Clause">
    <!--
      WARNING - @mbg.generated
      This element is automatically generated by MyBatis Generator, do not modify.
      This element was generated on Sun Sep 02 15:46:59 CST 2018.
    -->
    <where>
      <foreach collection="oredCriteria" item="criteria" separator="or">
        <if test="criteria.valid">
          <trim prefix="(" prefixOverrides="and" suffix=")">
            <foreach collection="criteria.criteria" item="criterion">
              <choose>
                <when test="criterion.noValue">
                  and ${criterion.condition}
                </when>
                <when test="criterion.singleValue">
                  and ${criterion.condition} #{criterion.value}
                </when>
                <when test="criterion.betweenValue">
                  and ${criterion.condition} #{criterion.value} and #{criterion.secondValue}
                </when>
                <when test="criterion.listValue">
                  and ${criterion.condition}
                  <foreach close=")" collection="criterion.value" item="listItem" open="(" separator=",">
                    #{listItem}
                  </foreach>
                </when>
              </choose>
            </foreach>
          </trim>
        </if>
      </foreach>
    </where>
  </sql>
  <sql id="Update_By_Example_Where_Clause">
    <!--
      WARNING - @mbg.generated
      This element is automatically generated by MyBatis Generator, do not modify.
      This element was generated on Sun Sep 02 15:46:59 CST 2018.
    -->
    <where>
      <foreach collection="example.oredCriteria" item="criteria" separator="or">
        <if test="criteria.valid">
          <trim prefix="(" prefixOverrides="and" suffix=")">
            <foreach collection="criteria.criteria" item="criterion">
              <choose>
                <when test="criterion.noValue">
                  and ${criterion.condition}
                </when>
                <when test="criterion.singleValue">
                  and ${criterion.condition} #{criterion.value}
                </when>
                <when test="criterion.betweenValue">
                  and ${criterion.condition} #{criterion.value} and #{criterion.secondValue}
                </when>
                <when test="criterion.listValue">
                  and ${criterion.condition}
                  <foreach close=")" collection="criterion.value" item="listItem" open="(" separator=",">
                    #{listItem}
                  </foreach>
                </when>
              </choose>
            </foreach>
          </trim>
        </if>
      </foreach>
    </where>
  </sql>
  <sql id="Base_Column_List">
    <!--
      WARNING - @mbg.generated
      This element is automatically generated by MyBatis Generator, do not modify.
      This element was generated on Sun Sep 02 15:46:59 CST 2018.
    -->
    saleid, salename, nickname, salepassword
  </sql>
  <select id="selectByExample" parameterType="com.sw.model.SaleExample" resultMap="BaseResultMap">
    <!--
      WARNING - @mbg.generated
      This element is automatically generated by MyBatis Generator, do not modify.
      This element was generated on Sun Sep 02 15:46:59 CST 2018.
    -->
    select
    <if test="distinct">
      distinct
    </if>
    <include refid="Base_Column_List" />
    from sale
    <if test="_parameter != null">
      <include refid="Example_Where_Clause" />
    </if>
    <if test="orderByClause != null">
      order by ${orderByClause}
    </if>
  </select>
  <select id="selectByPrimaryKey" parameterType="java.lang.Integer" resultMap="BaseResultMap">
    <!--
      WARNING - @mbg.generated
      This element is automatically generated by MyBatis Generator, do not modify.
      This element was generated on Sun Sep 02 15:46:59 CST 2018.
    -->
    select 
    <include refid="Base_Column_List" />
    from sale
    where saleid = #{saleid,jdbcType=INTEGER}
  </select>
  <delete id="deleteByPrimaryKey" parameterType="java.lang.Integer">
    <!--
      WARNING - @mbg.generated
      This element is automatically generated by MyBatis Generator, do not modify.
      This element was generated on Sun Sep 02 15:46:59 CST 2018.
    -->
    delete from sale
    where saleid = #{saleid,jdbcType=INTEGER}
  </delete>
  <delete id="deleteByExample" parameterType="com.sw.model.SaleExample">
    <!--
      WARNING - @mbg.generated
      This element is automatically generated by MyBatis Generator, do not modify.
      This element was generated on Sun Sep 02 15:46:59 CST 2018.
    -->
    delete from sale
    <if test="_parameter != null">
      <include refid="Example_Where_Clause" />
    </if>
  </delete>
  <insert id="insert" parameterType="com.sw.model.Sale">
    <!--
      WARNING - @mbg.generated
      This element is automatically generated by MyBatis Generator, do not modify.
      This element was generated on Sun Sep 02 15:46:59 CST 2018.
    -->
    insert into sale (saleid, salename, nickname, 
      salepassword)
    values (#{saleid,jdbcType=INTEGER}, #{salename,jdbcType=VARCHAR}, #{nickname,jdbcType=VARCHAR}, 
      #{salepassword,jdbcType=VARCHAR})
  </insert>
  <insert id="insertSelective" parameterType="com.sw.model.Sale">
    <!--
      WARNING - @mbg.generated
      This element is automatically generated by MyBatis Generator, do not modify.
      This element was generated on Sun Sep 02 15:46:59 CST 2018.
    -->
    insert into sale
    <trim prefix="(" suffix=")" suffixOverrides=",">
      <if test="saleid != null">
        saleid,
      </if>
      <if test="salename != null">
        salename,
      </if>
      <if test="nickname != null">
        nickname,
      </if>
      <if test="salepassword != null">
        salepassword,
      </if>
    </trim>
    <trim prefix="values (" suffix=")" suffixOverrides=",">
      <if test="saleid != null">
        #{saleid,jdbcType=INTEGER},
      </if>
      <if test="salename != null">
        #{salename,jdbcType=VARCHAR},
      </if>
      <if test="nickname != null">
        #{nickname,jdbcType=VARCHAR},
      </if>
      <if test="salepassword != null">
        #{salepassword,jdbcType=VARCHAR},
      </if>
    </trim>
  </insert>
  <select id="countByExample" parameterType="com.sw.model.SaleExample" resultType="java.lang.Long">
    <!--
      WARNING - @mbg.generated
      This element is automatically generated by MyBatis Generator, do not modify.
      This element was generated on Sun Sep 02 15:46:59 CST 2018.
    -->
    select count(*) from sale
    <if test="_parameter != null">
      <include refid="Example_Where_Clause" />
    </if>
  </select>
  <update id="updateByExampleSelective" parameterType="map">
    <!--
      WARNING - @mbg.generated
      This element is automatically generated by MyBatis Generator, do not modify.
      This element was generated on Sun Sep 02 15:46:59 CST 2018.
    -->
    update sale
    <set>
      <if test="record.saleid != null">
        saleid = #{record.saleid,jdbcType=INTEGER},
      </if>
      <if test="record.salename != null">
        salename = #{record.salename,jdbcType=VARCHAR},
      </if>
      <if test="record.nickname != null">
        nickname = #{record.nickname,jdbcType=VARCHAR},
      </if>
      <if test="record.salepassword != null">
        salepassword = #{record.salepassword,jdbcType=VARCHAR},
      </if>
    </set>
    <if test="_parameter != null">
      <include refid="Update_By_Example_Where_Clause" />
    </if>
  </update>
  <update id="updateByExample" parameterType="map">
    <!--
      WARNING - @mbg.generated
      This element is automatically generated by MyBatis Generator, do not modify.
      This element was generated on Sun Sep 02 15:46:59 CST 2018.
    -->
    update sale
    set saleid = #{record.saleid,jdbcType=INTEGER},
      salename = #{record.salename,jdbcType=VARCHAR},
      nickname = #{record.nickname,jdbcType=VARCHAR},
      salepassword = #{record.salepassword,jdbcType=VARCHAR}
    <if test="_parameter != null">
      <include refid="Update_By_Example_Where_Clause" />
    </if>
  </update>
  <update id="updateByPrimaryKeySelective" parameterType="com.sw.model.Sale">
    <!--
      WARNING - @mbg.generated
      This element is automatically generated by MyBatis Generator, do not modify.
      This element was generated on Sun Sep 02 15:46:59 CST 2018.
    -->
    update sale
    <set>
      <if test="salename != null">
        salename = #{salename,jdbcType=VARCHAR},
      </if>
      <if test="nickname != null">
        nickname = #{nickname,jdbcType=VARCHAR},
      </if>
      <if test="salepassword != null">
        salepassword = #{salepassword,jdbcType=VARCHAR},
      </if>
    </set>
    where saleid = #{saleid,jdbcType=INTEGER}
  </update>
  <update id="updateByPrimaryKey" parameterType="com.sw.model.Sale">
    <!--
      WARNING - @mbg.generated
      This element is automatically generated by MyBatis Generator, do not modify.
      This element was generated on Sun Sep 02 15:46:59 CST 2018.
    -->
    update sale
    set salename = #{salename,jdbcType=VARCHAR},
      nickname = #{nickname,jdbcType=VARCHAR},
      salepassword = #{salepassword,jdbcType=VARCHAR}
    where saleid = #{saleid,jdbcType=INTEGER}
  </update>
  
  
     <!-- 获取Sale表中的最大id -->
	<select id="saleMaxId" resultType="java.lang.Integer">
		select 
		max(saleid) 
		from sale
	</select>
  
  
  
  
  
  
  
  
  
  
  
</mapper>